MA01_01|The birch canoe slid on the smooth planks.|The birch canoe slid on the smooth planks.
MA01_02|Glue the sheet to the dark blue background.|Glue the sheet to the dark blue background.
MA01_03|It's easy to tell the depth of a well.|It's easy to tell the depth of a well.
MA01_04|These days a chicken leg is a rare dish.|These days a chicken leg is a rare dish.
MA01_05|Rice is often served in round bowls.|Rice is often served in round bowls.
MA01_06|The juice of lemons makes fine punch.|The juice of lemons makes fine punch.
MA01_07|The box was thrown beside the parked truck.|The box was thrown beside the parked truck.
MA01_08|The hogs were fed chopped corn and garbage.|The hogs were fed chopped corn and garbage.
MA01_09|Four hours of steady work faced us.|Four hours of steady work faced us.
MA01_10|A large size in stockings is hard to sell.|A large size in stockings is hard to sell.
MA02_01|The boy was there when the sun rose.|The boy was there when the sun rose.
MA02_02|A rod is used to catch pink salmon. |A rod is used to catch pink salmon. 
MA02_03|The source of the huge river is the clear spring.|The source of the huge river is the clear spring.
MA02_04|Kick the ball straight and follow through.|Kick the ball straight and follow through.
MA02_05|Help the woman get back to her feet.|Help the woman get back to her feet.
MA02_06|A pot of tea helps to pass the evening.|A pot of tea helps to pass the evening.
MA02_07|Smoky fires lack flame and heat.|Smoky fires lack flame and heat.
MA02_08|The soft cushion broke the man's fall.|The soft cushion broke the man's fall.
MA02_09|The salt breeze came across from the sea.|The salt breeze came across from the sea.
MA02_10|The girl at the booth sold fifty bonds.|The girl at the booth sold fifty bonds.
MA03_01|The small pup gnawed a hole in the sock.|The small pup gnawed a hole in the sock.
MA03_02|The fish twisted and turned on the bent hook.|The fish twisted and turned on the bent hook.
MA03_03|Press the pants and sew a button on the vest.|Press the pants and sew a button on the vest.
MA03_04|The swan dive was far short of perfect.|The swan dive was far short of perfect.
MA03_05|The beauty of the view stunned the young boy.|The beauty of the view stunned the young boy.
MA03_06|Two blue fish swam in the tank.|Two blue fish swam in the tank.
MA03_07|Her purse was full of useless trash.|Her purse was full of useless trash.
MA03_08|The colt reared and threw the tall rider.|The colt reared and threw the tall rider.
"MA03_09|It snowed, rained, and hailed the same morning.|It snowed, rained, and hailed the same morning."
MA03_10|Read verse out loud for pleasure.|Read verse out loud for pleasure.
MA04_01|Hoist the load to your left shoulder.|Hoist the load to your left shoulder.
MA04_02|Take the winding path to reach the lake.|Take the winding path to reach the lake.
MA04_03|Note closely the size of the gas tank.|Note closely the size of the gas tank.
MA04_04|Wipe the grease off his dirty face.|Wipe the grease off his dirty face.
MA04_05|Mend the coat before you go out.|Mend the coat before you go out.
MA04_06|The wrist was badly strained and hung limp.|The wrist was badly strained and hung limp.
MA04_07|The stray cat gave birth to kittens.|The stray cat gave birth to kittens.
MA04_08|The young girl gave no clear response.|The young girl gave no clear response.
MA04_09|The meal was cooked before the bell rang.|The meal was cooked before the bell rang.
MA04_10|What joy there is in living.|What joy there is in living.
MA05_01|A king ruled the state in the early days.|A king ruled the state in the early days.
MA05_02|The ship was torn apart on the sharp reef.|The ship was torn apart on the sharp reef.
MA05_03|Sickness kept him home the third week.|Sickness kept him home the third week.
MA05_04|The wide road shimmered in the hot sun.|The wide road shimmered in the hot sun.
MA05_05|The lazy cow lay in the cool grass.|The lazy cow lay in the cool grass.
MA05_06|Lift the square stone over the fence.|Lift the square stone over the fence.
MA05_07|The rope will bind the seven books at once.|The rope will bind the seven books at once.
MA05_08|Hop over the fence and plunge in.|Hop over the fence and plunge in.
MA05_09|The friendly gang left the drug store.|The friendly gang left the drug store.
MA05_10|Mesh wire keeps chicks inside.|Mesh wire keeps chicks inside.
MA06_01|The frost air passed through the coat.|The frost air passed through the coat.
MA06_02|The crooked maze failed to fool the mouse.|The crooked maze failed to fool the mouse.
MA06_03|Adding fast leads to wrong sums.|Adding fast leads to wrong sums.
MA06_04|The show was a flop from the very start.|The show was a flop from the very start.
MA06_05|A saw is a tool used for making boards.|A saw is a tool used for making boards.
MA06_06|The wagon moved on well oiled wheels.|The wagon moved on well oiled wheels.
MA06_07|March the soldiers past the next hill.|March the soldiers past the next hill.
MA06_08|A cup of sugar makes sweet fudge.|A cup of sugar makes sweet fudge.
MA06_09|Place a rosebush near the porch steps.|Place a rosebush near the porch steps.
MA06_10|Both lost their lives in the raging storm.|Both lost their lives in the raging storm.
MB07_01|We talked of the side show in the circus.|We talked of the side show in the circus.
MB07_02|Use a pencil to write the first draft.|Use a pencil to write the first draft.
MB07_03|He ran half way to the hardware store.|He ran half way to the hardware store.
MB07_04|The clock struck to mark the third period.|The clock struck to mark the third period.
MB07_05|A small creek cut across the field.|A small creek cut across the field.
MB07_06|Cars and busses stalled in snow drifts.|Cars and busses stalled in snow drifts.
MB07_07|The set of china hit the floor with a crash.|The set of china hit the floor with a crash.
MB07_08|This is a grand season for hikes on the road.|This is a grand season for hikes on the road.
MB07_09|The dune rose from the edge of the water.|The dune rose from the edge of the water.
MB07_10|Those words were the cue for the actor to leave.|Those words were the cue for the actor to leave.
MB08_01|A yacht slid around the point into the bay.|A yacht slid around the point into the bay.
MB08_02|The two met while playing on the sand.|The two met while playing on the sand.
MB08_03|The ink stain dried on the finished page.|The ink stain dried on the finished page.
MB08_04|The walled town was seized without a fight.|The walled town was seized without a fight.
MB08_05|The lease ran out in sixteen weeks.|The lease ran out in sixteen weeks.
MB08_06|A tame squirrel makes a nice pet.|A tame squirrel makes a nice pet.
MB08_07|The horn of the car woke the sleeping cop.|The horn of the car woke the sleeping cop.
MB08_08|The heart beat strongly and with firm strokes.|The heart beat strongly and with firm strokes.
MB08_09|The pearl was worn in a thin silver ring.|The pearl was worn in a thin silver ring.
MB08_10|The fruit peel was cut in thick slices.|The fruit peel was cut in thick slices.
MB09_01|The Navy attacked the big task force.|The Navy attacked the big task force.
MB09_02|See the cat glaring at the scared mouse.|See the cat glaring at the scared mouse.
MB09_03|There are more than two factors here.|There are more than two factors here.
MB09_04|The hat brim was wide and too droopy.|The hat brim was wide and too droopy.
MB09_05|The lawyer tried to lose his case.|The lawyer tried to lose his case.
MB09_06|The grass curled around the fence post.|The grass curled around the fence post.
MB09_07|Cut the pie into large parts.|Cut the pie into large parts.
MB09_08|Men strive but seldom get rich.|Men strive but seldom get rich.
MB09_09|Always close the barn door tight.|Always close the barn door tight.
MB09_10|He lay prone and hardly moved a limb.|He lay prone and hardly moved a limb.
MB10_01|The slush lay deep along the street.|The slush lay deep along the street.
MB10_02|A wisp of cloud hung in the blue air.|A wisp of cloud hung in the blue air.
MB10_03|A pound of sugar costs more than eggs.|A pound of sugar costs more than eggs.
MB10_04|The fin was sharp and cut the clear water.|The fin was sharp and cut the clear water.
MB10_05|The play seems dull and quite stupid.|The play seems dull and quite stupid.
MB10_06|Bail the boat to stop it from sinking.|Bail the boat to stop it from sinking.
MB10_07|The term ended in late June that year.|The term ended in late June that year.
MB10_08|A tusk is used to make costly gifts.|A tusk is used to make costly gifts.
MB10_09|Ten pins were set in order.|Ten pins were set in order.
MB10_10|The bill was paid every third week.|The bill was paid every third week.
MB11_01|Oak is strong and also gives shade.|Oak is strong and also gives shade.
MB11_02|Cats and dogs each hate the other.|Cats and dogs each hate the other.
MB11_03|The pipe began to rust while new.|The pipe began to rust while new.
MB11_04|Open the crate but don't break the glass.|Open the crate but don't break the glass.
MB11_05|Add the sum to the product of these three.|Add the sum to the product of these three.
MB11_06|Thieves who rob friends deserve jail.|Thieves who rob friends deserve jail.
MB11_07|The ripe taste of cheese improves with age.|The ripe taste of cheese improves with age.
MB11_08|Act on these orders with great speed.|Act on these orders with great speed.
MB11_09|The hog crawled under the high fence.|The hog crawled under the high fence.
MB11_10|Move the vat over the hot fire.|Move the vat over the hot fire.
MB12_01|The bark of the pine tree was shiny and dark.|The bark of the pine tree was shiny and dark.
MB12_02|Leaves turn brown and yellow in the fall.|Leaves turn brown and yellow in the fall.
MB12_03|The pennant waved when the wind blew.|The pennant waved when the wind blew.
"MB12_04|Split the log with a quick, sharp blow.|Split the log with a quick, sharp blow."
MB12_05|Burn peat after the logs give out.|Burn peat after the logs give out.
MB12_06|He ordered peach pie with ice cream.|He ordered peach pie with ice cream.
MB12_07|Weave the carpet on the right hand side.|Weave the carpet on the right hand side.
MB12_08|Hemp is a weed found in parts of the tropics.|Hemp is a weed found in parts of the tropics.
MB12_09|A lame back kept his score low.|A lame back kept his score low.
MB12_10|We find joy in the simplest things.|We find joy in the simplest things.
MC13_01|Type out three lists of orders.|Type out three lists of orders.
MC13_02|The harder he tried the less he got done.|The harder he tried the less he got done.
MC13_03|The boss ran the show with a watchful eye.|The boss ran the show with a watchful eye.
MC13_04|The cup cracked and spilled its contents.|The cup cracked and spilled its contents.
MC13_05|Paste can cleanse the most dirty brass.|Paste can cleanse the most dirty brass.
MC13_06|The slang word for raw whiskey is booze.|The slang word for raw whiskey is booze.
MC13_07|It caught its hind paw in a rusty trap.|It caught its hind paw in a rusty trap.
MC13_08|The wharf could be seen at the farther shore.|The wharf could be seen at the farther shore.
MC13_09|Feel the heat of the weak dying flame.|Feel the heat of the weak dying flame.
MC13_10|The tiny girl took off her hat.|The tiny girl took off her hat.
MC14_01|A cramp is no small danger on a swim.|A cramp is no small danger on a swim.
MC14_02|He said the same phrase thirty times.|He said the same phrase thirty times.
MC14_03|Pluck the bright rose without leaves.|Pluck the bright rose without leaves.
MC14_04|Two plus seven is less than ten.|Two plus seven is less than ten.
MC14_05|The glow deepened in the eyes of the sweet girl.|The glow deepened in the eyes of the sweet girl.
MC14_06|Bring your problems to the wise chief.|Bring your problems to the wise chief.
MC14_07|Write a fond note to the friend you cherish.|Write a fond note to the friend you cherish.
MC14_08|Clothes and lodging are free to new men.|Clothes and lodging are free to new men.
MC14_09|We frown when events take a bad turn.|We frown when events take a bad turn.
MC14_10|Port is a strong wine with a smoky taste.|Port is a strong wine with a smoky taste.
MC15_01|The young kid jumped the rusty gate.|The young kid jumped the rusty gate.
MC15_02|Guess the results from the first scores.|Guess the results from the first scores.
MC15_03|A salt pickle tastes fine with ham.|A salt pickle tastes fine with ham.
MC15_04|The just claim got the right verdict.|The just claim got the right verdict.
MC15_05|These thistles bend in a high wind.|These thistles bend in a high wind.
MC15_06|Pure bred poodles have curls.|Pure bred poodles have curls.
MC15_07|The tree top waved in a graceful way.|The tree top waved in a graceful way.
MC15_08|The spot on the blotter was made by green ink.|The spot on the blotter was made by green ink.
MC15_09|Mud was spattered on the front of his white shirt.|Mud was spattered on the front of his white shirt.
MC15_10|The cigar burned a hole in the desk top.|The cigar burned a hole in the desk top.
MC16_01|The empty flask stood on the tin tray.|The empty flask stood on the tin tray.
MC16_02|A speedy man can beat this track mark.|A speedy man can beat this track mark.
MC16_03|He broke a new shoelace that day.|He broke a new shoelace that day.
MC16_04|The coffee stand is too high for the couch.|The coffee stand is too high for the couch.
MC16_05|The urge to write short stories is rare.|The urge to write short stories is rare.
MC16_06|The pencils have all been used.|The pencils have all been used.
MC16_07|The pirates seized the crew of the lost ship.|The pirates seized the crew of the lost ship.
MC16_08|We tried to replace the coin but failed.|We tried to replace the coin but failed.
MC16_09|She sewed the torn coat quite neatly.|She sewed the torn coat quite neatly.
MC16_10|The sofa cushion is red and of light weight.|The sofa cushion is red and of light weight.
MC17_01|The jacket hung on the back of the wide chair.|The jacket hung on the back of the wide chair.
MC17_02|At that high level the air is pure.|At that high level the air is pure.
MC17_03|Drop the two when you add the figures.|Drop the two when you add the figures.
MC17_04|A filing case is now hard to buy.|A filing case is now hard to buy.
MC17_05|An abrupt start does not win the prize.|An abrupt start does not win the prize.
MC17_06|Wood is best for making toys and blocks.|Wood is best for making toys and blocks.
"MC17_07|The office paint was a dull, sad tan.|The office paint was a dull, sad tan."
MC17_08|He knew the skill of the great young actress.|He knew the skill of the great young actress.
MC17_09|A rag will soak up spilled water.|A rag will soak up spilled water.
MC17_10|A shower of dirt fell from the hot pipes.|A shower of dirt fell from the hot pipes.
MC18_01|Steam hissed from the broken valve.|Steam hissed from the broken valve.
MC18_02|The child almost hurt the small dog.|The child almost hurt the small dog.
MC18_03|There was a sound of dry leaves outside.|There was a sound of dry leaves outside.
MC18_04|The sky that morning was clear and bright blue.|The sky that morning was clear and bright blue.
MC18_05|Torn scraps littered the stone floor.|Torn scraps littered the stone floor.
MC18_06|Sunday is the best part of the week.|Sunday is the best part of the week.
MC18_07|The doctor cured him with these pills.|The doctor cured him with these pills.
MC18_08|The new girl was fired today at noon.|The new girl was fired today at noon.
MC18_09|They felt gay when the ship arrived in port.|They felt gay when the ship arrived in port.
MC18_10|Add the store's account to the last cent.|Add the store's account to the last cent.
MD19_01|Acid burns holes in wool cloth.|Acid burns holes in wool cloth.
MD19_02|Fairy tales should be fun to write.|Fairy tales should be fun to write.
MD19_03|Eight miles of woodland burned to waste.|Eight miles of woodland burned to waste.
MD19_04|The third act was dull and tired the players.|The third act was dull and tired the players.
MD19_05|A young child should not suffer fright.|A young child should not suffer fright.
MD19_06|Add the column and put the sum here.|Add the column and put the sum here.
MD19_07|We admire and love a good cook.|We admire and love a good cook.
MD19_08|There the flood mark is ten inches.|There the flood mark is ten inches.
MD19_09|He carved a head from the round block of marble.|He carved a head from the round block of marble.
MD19_10|She has a smart way of wearing clothes.|She has a smart way of wearing clothes.
MD20_01|The fruit of a fig tree is apple-shaped.|The fruit of a fig tree is apple-shaped.
MD20_02|Corn cobs can be used to kindle a fire.|Corn cobs can be used to kindle a fire.
MD20_03|Where were they when the noise started?|Where were they when the noise started?
MD20_04|The paper box is full of thumb tacks.|The paper box is full of thumb tacks.
MD20_05|Sell your gift to a buyer at a good gain.|Sell your gift to a buyer at a good gain.
MD20_06|The tongs lay beside the ice pail.|The tongs lay beside the ice pail.
MD20_07|The petals fall with the next puff of wind.|The petals fall with the next puff of wind.
MD20_08|Bring your best compass to the third class.|Bring your best compass to the third class.
MD20_09|They could laugh although they were sad.|They could laugh although they were sad.
MD20_10|Farmers came in to thresh the oat crop.|Farmers came in to thresh the oat crop.
MD21_01|The brown house was on fire to the attic.|The brown house was on fire to the attic.
MD21_02|The lure is used to catch trout and flounder.|The lure is used to catch trout and flounder.
MD21_03|Float the soap on top of the bath water.|Float the soap on top of the bath water.
MD21_04|A blue crane is a tall wading bird.|A blue crane is a tall wading bird.
MD21_05|A fresh start will work such wonders.|A fresh start will work such wonders.
MD21_06|The club rented the rink for the fifth night.|The club rented the rink for the fifth night.
"MD21_07|After the dance, they went straight home.|After the dance, they went straight home."
MD21_08|The hostess taught the new maid to serve.|The hostess taught the new maid to serve.
MD21_09|He wrote his last novel there at the inn.|He wrote his last novel there at the inn.
MD21_10|Even the worst will beat his low score.|Even the worst will beat his low score.
MD22_01|The cement had dried when he moved it.|The cement had dried when he moved it.
MD22_02|The loss of the second ship was hard to take.|The loss of the second ship was hard to take.
MD22_03|The fly made its way along the wall.|The fly made its way along the wall.
MD22_04|Do that with a wooden stick.|Do that with a wooden stick.
MD22_05|Live wires should be kept covered.|Live wires should be kept covered.
MD22_06|The large house had hot water taps.|The large house had hot water taps.
MD22_07|It is hard to erase blue or red ink.|It is hard to erase blue or red ink.
MD22_08|Write at once or you may forget it.|Write at once or you may forget it.
MD22_09|The doorknob was made of bright clean brass.|The doorknob was made of bright clean brass.
MD22_10|The wreck occurred by the bank on Main Street.|The wreck occurred by the bank on Main Street.
MD23_01|A pencil with black lead writes best.|A pencil with black lead writes best.
MD23_02|Coax a young calf to drink from a bucket.|Coax a young calf to drink from a bucket.
MD23_03|Schools for ladies teach charm and grace.|Schools for ladies teach charm and grace.
MD23_04|The lamp shone with a steady green flame.|The lamp shone with a steady green flame.
MD23_05|They took the axe and the saw to the forest.|They took the axe and the saw to the forest.
MD23_06|The ancient coin was quite dull and worn.|The ancient coin was quite dull and worn.
MD23_07|The shaky barn fell with a loud crash.|The shaky barn fell with a loud crash.
MD23_08|Jazz and swing fans like fast music.|Jazz and swing fans like fast music.
MD23_09|Rake the rubbish up and then burn it.|Rake the rubbish up and then burn it.
MD23_10|Slash the gold cloth into fine ribbons.|Slash the gold cloth into fine ribbons.
MD24_01|Try to have the court decide the case.|Try to have the court decide the case.
MD24_02|They are pushed back each time they attack.|They are pushed back each time they attack.
MD24_03|He broke his ties with groups of former friends.|He broke his ties with groups of former friends.
MD24_04|They floated on the raft to sun their white backs.|They floated on the raft to sun their white backs.
MD24_05|The map had an X that meant nothing.|The map had an X that meant nothing.
MD24_06|Whitings are small fish caught in nets.|Whitings are small fish caught in nets.
MD24_07|Some ads serve to cheat buyers.|Some ads serve to cheat buyers.
MD24_08|Jerk the rope and the bell rings weakly.|Jerk the rope and the bell rings weakly.
MD24_09|A waxed floor makes us lose balance.|A waxed floor makes us lose balance.
"MD24_10|Madam, this is the best brand of corn.|Madam, this is the best brand of corn."
MF31_01|Slide the box into that empty space.|Slide the box into that empty space.
MF31_02|The plant grew large and green in the window.|The plant grew large and green in the window.
MF31_03|The beam dropped down on the workman's head.|The beam dropped down on the workman's head.
MF31_04|Pink clouds floated with the breeze.|Pink clouds floated with the breeze.
"MF31_05|She danced like a swan, tall and graceful.|She danced like a swan, tall and graceful."
MF31_06|The tube was blown and the tire flat and useless.|The tube was blown and the tire flat and useless.
MF31_07|It is late morning on the old wall clock.|It is late morning on the old wall clock.
MF31_08|Let's all join as we sing the last chorus.|Let's all join as we sing the last chorus.
MF31_09|The last switch cannot be turned off.|The last switch cannot be turned off.
MF31_10|The fight will end in just six minutes.|The fight will end in just six minutes.
MF32_01|The store walls were lined with colored frocks.|The store walls were lined with colored frocks.
MF32_02|The peace league met to discuss their plans.|The peace league met to discuss their plans.
MF32_03|The rise to fame of a person takes luck.|The rise to fame of a person takes luck.
"MF32_04|Paper is scarce, so write with much care.|Paper is scarce, so write with much care."
MF32_05|The quick fox jumped on the sleeping cat.|The quick fox jumped on the sleeping cat.
MF32_06|The nozzle of the fire hose was bright brass.|The nozzle of the fire hose was bright brass.
MF32_07|Screw the round cap on as tight as needed.|Screw the round cap on as tight as needed.
MF32_08|Time brings us many changes.|Time brings us many changes.
MF32_09|The purple tie was ten years old.|The purple tie was ten years old.
MF32_10|Men think and plan and sometimes act.|Men think and plan and sometimes act.
MF33_01|Fill the ink jar with sticky glue.|Fill the ink jar with sticky glue.
MF33_02|He smokes a big pipe with strong contents.|He smokes a big pipe with strong contents.
MF33_03|We need grain to keep our mules healthy.|We need grain to keep our mules healthy.
MF33_04|Pack the records in a neat thin case.|Pack the records in a neat thin case.
MF33_05|The crunch of feet in the snow was the only sound.|The crunch of feet in the snow was the only sound.
MF33_06|The copper bowl shone in the sun's rays.|The copper bowl shone in the sun's rays.
MF33_07|Boards will warp unless kept dry.|Boards will warp unless kept dry.
MF33_08|The plush chair leaned against the wall.|The plush chair leaned against the wall.
MF33_09|Glass will clink when struck by metal.|Glass will clink when struck by metal.
MF33_10|Bathe and relax in the cool green grass.|Bathe and relax in the cool green grass.
MF34_01|Nine rows of soldiers stood in line.|Nine rows of soldiers stood in line.
MF34_02|The beach is dry and shallow at low tide.|The beach is dry and shallow at low tide.
MF34_03|The idea is to sew both edges straight.|The idea is to sew both edges straight.
MF34_04|The kitten chased the dog down the street.|The kitten chased the dog down the street.
MF34_05|Pages bound in cloth make a book.|Pages bound in cloth make a book.
MF34_06|Try to trace the fine lines of the painting.|Try to trace the fine lines of the painting.
MF34_07|Women form less than half of the group.|Women form less than half of the group.
MF34_08|The zones merge in the central part of town.|The zones merge in the central part of town.
MF34_09|A gem in the rough needs work to polish.|A gem in the rough needs work to polish.
MF34_10|Code is used when secrets are sent.|Code is used when secrets are sent.
MF35_01|Most of the news is easy for us to hear.|Most of the news is easy for us to hear.
MF35_02|He used the lathe to make brass objects.|He used the lathe to make brass objects.
MF35_03|The vane on top of the pole revolved in the wind.|The vane on top of the pole revolved in the wind.
MF35_04|Mince pie is a dish served to children.|Mince pie is a dish served to children.
MF35_05|The clan gathered on each dull night.|The clan gathered on each dull night.
"MF35_06|Let it burn, it gives us warmth and comfort.|Let it burn, it gives us warmth and comfort."
MF35_07|A castle built from sand fails to endure.|A castle built from sand fails to endure.
MF35_08|A child's wit saved the day for us.|A child's wit saved the day for us.
MF35_09|Tack the strip of carpet to the worn floor.|Tack the strip of carpet to the worn floor.
MF35_10|Next Tuesday we must vote.|Next Tuesday we must vote.
MF36_01|Pour stew from the pot into the plate.|Pour stew from the pot into the plate.
MF36_02|Each penny shone like new.|Each penny shone like new.
MF36_03|The man went to the woods to gather sticks.|The man went to the woods to gather sticks.
MF36_04|The dirt piles were lines along the road.|The dirt piles were lines along the road.
MF36_05|The logs fell and tumbled into the clear stream.|The logs fell and tumbled into the clear stream.
MF36_06|Just hoist it up and take it away.|Just hoist it up and take it away.
MF36_07|A ripe plum is fit for a king's palate.|A ripe plum is fit for a king's palate.
MF36_08|Our plans right now are hazy.|Our plans right now are hazy.
MF36_09|Brass rings are sold by these natives.|Brass rings are sold by these natives.
MF36_10|It takes a good trap to capture a bear.|It takes a good trap to capture a bear.
MG37_01|Feed the white mouse some flower seeds.|Feed the white mouse some flower seeds.
MG37_02|The thaw came early and freed the stream.|The thaw came early and freed the stream.
MG37_03|He took the lead and kept it the whole distance.|He took the lead and kept it the whole distance.
MG37_04|The key you designed will fit the lock.|The key you designed will fit the lock.
MG37_05|Plead to the council to free the poor thief.|Plead to the council to free the poor thief.
MG37_06|Better hash is made of rare beef.|Better hash is made of rare beef.
MG37_07|This plank was made for walking on.|This plank was made for walking on.
MG37_08|The lake sparkled in the red hot son.|The lake sparkled in the red hot son.
MG37_09|He crawled with care along the ledge.|He crawled with care along the ledge.
MG37_10|Tend the sheep while the dog wanders.|Tend the sheep while the dog wanders.
MG38_01|It takes a lot of help to finish these.|It takes a lot of help to finish these.
MG38_02|Mark the spot with a sign painted red.|Mark the spot with a sign painted red.
MG38_03|Take two shares as a fair profit.|Take two shares as a fair profit.
MG38_04|The fur of cats goes by many names.|The fur of cats goes by many names.
MG38_05|North winds bring colds and fevers.|North winds bring colds and fevers.
MG38_06|He asks no person to vouch for him.|He asks no person to vouch for him.
MG38_07|Go now and come here later.|Go now and come here later.
MG38_08|A sash of gold silk will trim her dress.|A sash of gold silk will trim her dress.
MG38_09|Soap can wash most dirt away.|Soap can wash most dirt away.
MG38_10|That move means the game is over.|That move means the game is over.
MG39_01|He wrote down a long list of items.|He wrote down a long list of items.
MG39_02|A siege will crack the strong defense.|A siege will crack the strong defense.
MG39_03|Grape juice and water mix well.|Grape juice and water mix well.
MG39_04|Roads are paved with sticky tar.|Roads are paved with sticky tar.
MG39_05|Fake stones shine but cost little.|Fake stones shine but cost little.
MG39_06|The drop of the rain made a pleasant sound.|The drop of the rain made a pleasant sound.
MG39_07|Smoke poured out of every crack.|Smoke poured out of every crack.
MG39_08|Serve the hot rum to the tired heroes.|Serve the hot rum to the tired heroes.
MG39_09|Much of the story makes good sense.|Much of the story makes good sense.
MG39_10|The sun came up to light the eastern sky.|The sun came up to light the eastern sky.
MG40_01|Heave the line over the port side.|Heave the line over the port side.
MG40_02|A lathe cuts and trims any wood.|A lathe cuts and trims any wood.
MG40_03|It's a dense crowd in two distinct ways.|It's a dense crowd in two distinct ways.
MG40_04|His hip struck the knee of the next player.|His hip struck the knee of the next player.
MG40_05|The stale smell of old beer lingers.|The stale smell of old beer lingers.
MG40_06|The desk was firm on the shaky floor.|The desk was firm on the shaky floor.
MG40_07|It takes heat to bring out the odor.|It takes heat to bring out the odor.
MG40_08|Beef is scarcer than some lamb.|Beef is scarcer than some lamb.
MG40_09|Raise the sail and steer the ship northward.|Raise the sail and steer the ship northward.
MG40_10|A cone cost five cents on Mondays.|A cone cost five cents on Mondays.
MG41_01|A pod is what peas always grow in.|A pod is what peas always grow in.
MG41_02|Jerk the dart from the cork target.|Jerk the dart from the cork target.
MG41_03|No cement will hold hard wood.|No cement will hold hard wood.
MG41_04|We now have a new base for shipping.|We now have a new base for shipping.
MG41_05|A list of names is carved around the base.|A list of names is carved around the base.
MG41_06|The sheep were led home by a dog.|The sheep were led home by a dog.
"MG41_07|Three for a dime, the young peddler cried.|Three for a dime, the young peddler cried."
MG41_08|The sense of smell is better than that of touch.|The sense of smell is better than that of touch.
MG41_09|No hardship seemed to keep him sad.|No hardship seemed to keep him sad.
MG41_10|Grace makes up for lack of beauty.|Grace makes up for lack of beauty.
MG42_01|Nudge gently but wake her now.|Nudge gently but wake her now.
MG42_02|The news struck doubt into restless minds.|The news struck doubt into restless minds.
MG42_03|Once we stood beside the shore.|Once we stood beside the shore.
MG42_04|A chink in the wall allowed a draft to blow.|A chink in the wall allowed a draft to blow.
MG42_05|Fasten two pins on each side.|Fasten two pins on each side.
MG42_06|A cold dip restores health and zest.|A cold dip restores health and zest.
MG42_07|He takes the oath of office each March.|He takes the oath of office each March.
MG42_08|The sand drifts over the sill of the old house.|The sand drifts over the sill of the old house.
MG42_09|The point of the steel pen was bent and twisted.|The point of the steel pen was bent and twisted.
MG42_10|There is a lag between thought and act.|There is a lag between thought and act.
MH43_01|Seed is needed to plant the spring corn.|Seed is needed to plant the spring corn.
MH43_02|Draw the chart with heavy black lines.|Draw the chart with heavy black lines.
MH43_03|The boy owed his pal thirty cents.|The boy owed his pal thirty cents.
MH43_04|The chap slipped into the crowd and was lost.|The chap slipped into the crowd and was lost.
MH43_05|Hats are worn to tea and not to dinner.|Hats are worn to tea and not to dinner.
MH43_06|The ramp led up to the wide highway.|The ramp led up to the wide highway.
MH43_07|Beat the dust from the rug onto the lawn.|Beat the dust from the rug onto the lawn.
MH43_08|Say it slowly but make it ring clear.|Say it slowly but make it ring clear.
MH43_09|The straw nest housed five robins.|The straw nest housed five robins.
MH43_10|Screen the porch with woven straw mats.|Screen the porch with woven straw mats.
MH44_01|This horse will nose his way to the finish.|This horse will nose his way to the finish.
MH44_02|The dry wax protects the deep scratch.|The dry wax protects the deep scratch.
MH44_03|He picked up the dice for a second roll.|He picked up the dice for a second roll.
MH44_04|These coins will be needed to pay his debt.|These coins will be needed to pay his debt.
MH44_05|The nag pulled the frail cart along.|The nag pulled the frail cart along.
MH44_06|Twist the valve and release hot steam.|Twist the valve and release hot steam.
MH44_07|The vamp of the shoe had a gold buckle.|The vamp of the shoe had a gold buckle.
MH44_08|The smell of burned rags itches my nose.|The smell of burned rags itches my nose.
MH44_09|New pants lack cuffs and pockets.|New pants lack cuffs and pockets.
MH44_10|The marsh will freeze when cold enough.|The marsh will freeze when cold enough.
MH45_01|They slice the sausage thin with a knife.|They slice the sausage thin with a knife.
MH45_02|The bloom of the rose lasts a few days.|The bloom of the rose lasts a few days.
MH45_03|A gray mare walked before the colt.|A gray mare walked before the colt.
MH45_04|Breakfast buns are fine with a hot drink.|Breakfast buns are fine with a hot drink.
MH45_05|Bottles hold four kinds of rum.|Bottles hold four kinds of rum.
MH45_06|The man wore a feather in his felt hat.|The man wore a feather in his felt hat.
MH45_07|He wheeled the bike past the winding road.|He wheeled the bike past the winding road.
MH45_08|Drop the ashes on the worn old rug.|Drop the ashes on the worn old rug.
MH45_09|The desk and both chairs were painted tan.|The desk and both chairs were painted tan.
MH45_10|Throw out the used paper cup and plate.|Throw out the used paper cup and plate.
MH46_01|A clean neck means a neat collar.|A clean neck means a neat collar.
MH46_02|The couch cover and hall drapes were blue.|The couch cover and hall drapes were blue.
MH46_03|The stems of the tall glasses cracked and broke.|The stems of the tall glasses cracked and broke.
MH46_04|The wall phone rang loud and often.|The wall phone rang loud and often.
MH46_05|The clothes dried on a thin wooden rack.|The clothes dried on a thin wooden rack.
MH46_06|Turn on the lantern which gives us light.|Turn on the lantern which gives us light.
MH46_07|The cleat sank deeply into the soft turf.|The cleat sank deeply into the soft turf.
MH46_08|The bills were mailed promptly on the tenth of the month.|The bills were mailed promptly on the tenth of the month.
MH46_09|To have is better than to wait and hope.|To have is better than to wait and hope.
MH46_10|The price is fair for a good antique clock.|The price is fair for a good antique clock.
MH47_01|The music played on while they talked.|The music played on while they talked.
MH47_02|Dispense with a vest on a day like this.|Dispense with a vest on a day like this.
MH47_03|The bunch of grapes was pressed into wine.|The bunch of grapes was pressed into wine.
"MH47_04|He sent the figs, but kept the ripe cherries.|He sent the figs, but kept the ripe cherries."
MH47_05|The hinge on the door creaked with old age.|The hinge on the door creaked with old age.
MH47_06|The screen before the fire kept in the sparks.|The screen before the fire kept in the sparks.
"MH47_07|Fly by night, and you waste little time.|Fly by night, and you waste little time."
MH47_08|Thick glasses helped him read the print.|Thick glasses helped him read the print.
MH47_09|Birth and death mark the limits of life.|Birth and death mark the limits of life.
MH47_10|The chair looked strong but had no bottom.|The chair looked strong but had no bottom.
MH48_01|The kite flew wildly in the high wind.|The kite flew wildly in the high wind.
MH48_02|A fur muff is stylish once more.|A fur muff is stylish once more.
MH48_03|The tin box held priceless stones.|The tin box held priceless stones.
MH48_04|We need an end of all such matters.|We need an end of all such matters.
MH48_05|The case was puzzling to the old and wise.|The case was puzzling to the old and wise.
MH48_06|The bright lanterns were gay on the dark lawn.|The bright lanterns were gay on the dark lawn.
MH48_07|We don't get much money but we have fun.|We don't get much money but we have fun.
"MH48_08|The youth drove with zest, but little skill.|The youth drove with zest, but little skill."
MH48_09|Five years he lived with a shaggy dog.|Five years he lived with a shaggy dog.
MH48_10|A fence cuts through the corner lot.|A fence cuts through the corner lot.
MI49_01|The way to save money is not to spend much.|The way to save money is not to spend much.
MI49_02|Shut the hatch before the waves push it in.|Shut the hatch before the waves push it in.
MI49_03|The odor of spring makes young hearts jump.|The odor of spring makes young hearts jump.
MI49_04|Crack the walnut with your sharp side teeth.|Crack the walnut with your sharp side teeth.
MI49_05|He offered proof in the form of a large chart.|He offered proof in the form of a large chart.
MI49_06|Send the stuff in a thick paper bag.|Send the stuff in a thick paper bag.
MI49_07|A quart if milk is water for the most part.|A quart if milk is water for the most part.
MI49_08|They told wild tales to frighten him.|They told wild tales to frighten him.
MI49_09|The three story house was built of stone.|The three story house was built of stone.
MI49_10|In the rear of the ground floor was a large passage.|In the rear of the ground floor was a large passage.
MI50_01|A man in a blue sweater sat at the desk.|A man in a blue sweater sat at the desk.
MI50_02|Oats are a food eaten by horse and man.|Oats are a food eaten by horse and man.
MI50_03|Their eyelids droop for want of sleep.|Their eyelids droop for want of sleep.
MI50_04|A sip of tea revives his tired friend.|A sip of tea revives his tired friend.
MI50_05|There are many ways to do these things.|There are many ways to do these things.
MI50_06|Tuck the sheet under the edge of the mat.|Tuck the sheet under the edge of the mat.
MI50_07|A force equal to that would move the earth.|A force equal to that would move the earth.
MI50_08|We like to see clear weather.|We like to see clear weather.
MI50_09|The work of the tailor is seen on each side.|The work of the tailor is seen on each side.
MI50_10|Take a chance and win a china doll.|Take a chance and win a china doll.
"MI51_01|Shake the dust from your shoes, stranger.|Shake the dust from your shoes, stranger."
MI51_02|She was kind to sick old people.|She was kind to sick old people.
MI51_03|The square wooden crate was packed to be shipped.|The square wooden crate was packed to be shipped.
MI51_04|The dusty bench stood by the stone wall.|The dusty bench stood by the stone wall.
MI51_05|We dress to suit the weather of most days.|We dress to suit the weather of most days.
MI51_06|Smile when you say nasty words.|Smile when you say nasty words.
MI51_07|A bowl of rice is free with chicken stew.|A bowl of rice is free with chicken stew.
MI51_08|The water in this well is a source of good health.|The water in this well is a source of good health.
"MI51_09|Take shelter in this tent, but keep still.|Take shelter in this tent, but keep still."
MI51_10|That guy is the writer of a few banned books.|That guy is the writer of a few banned books.
MI52_01|The little tales they tell are false.|The little tales they tell are false.
"MI52_02|The door was barred, locked, and bolted as well.|The door was barred, locked, and bolted as well."
MI52_03|Ripe pears are fit for a queen's table.|Ripe pears are fit for a queen's table.
MI52_04|A big wet stain was on the round carpet.|A big wet stain was on the round carpet.
"MI52_05|The kite dipped and swayed, but stayed aloft.|The kite dipped and swayed, but stayed aloft."
MI52_06|The pleasant hours fly by much too soon.|The pleasant hours fly by much too soon.
MI52_07|The room was crowded with a wild mob.|The room was crowded with a wild mob.
MI52_08|This strong arm shall shield your honor.|This strong arm shall shield your honor.
MI52_09|She blushed when he gave her a white orchid.|She blushed when he gave her a white orchid.
MI52_10|The beetle droned in the hot June sun.|The beetle droned in the hot June sun.
MI53_01|Press the pedal with your left foot.|Press the pedal with your left foot.
MI53_02|Neat plans fail without luck.|Neat plans fail without luck.
MI53_03|The black trunk fell from the landing.|The black trunk fell from the landing.
MI53_04|The bank pressed for payment of the debt.|The bank pressed for payment of the debt.
MI53_05|The theft of the pearl pin was kept secret.|The theft of the pearl pin was kept secret.
MI53_06|Shake hands with this friendly child.|Shake hands with this friendly child.
MI53_07|The vast space stretched into the far distance.|The vast space stretched into the far distance.
MI53_08|A rich farm is rare in this sandy waste.|A rich farm is rare in this sandy waste.
MI53_09|His wide grin earned many friends.|His wide grin earned many friends.
MI53_10|Flax makes a fine brand of paper.|Flax makes a fine brand of paper.
MI54_01|Hurdle the pit with the aid of a long pole.|Hurdle the pit with the aid of a long pole.
MI54_02|A strong bid may scare your partner stiff.|A strong bid may scare your partner stiff.
MI54_03|Even a just cause needs power to win.|Even a just cause needs power to win.
MI54_04|Peep under the tent and see the clowns.|Peep under the tent and see the clowns.
MI54_05|The leaf drifts along with a slow spin.|The leaf drifts along with a slow spin.
MI54_06|Cheap clothes are flashy but don't last.|Cheap clothes are flashy but don't last.
MI54_07|A thing of small note can cause despair.|A thing of small note can cause despair.
MI54_08|Flood the mails with requests for this book.|Flood the mails with requests for this book.
MI54_09|A thick coat of black paint covered all.|A thick coat of black paint covered all.
MI54_10|The pencil was cut to be sharp at both ends.|The pencil was cut to be sharp at both ends.
MJ55_01|Those last words were a strong statement.|Those last words were a strong statement.
MJ55_02|He wrote his name boldly at the top of the sheet.|He wrote his name boldly at the top of the sheet.
MJ55_03|Dill pickles are sour but taste fine.|Dill pickles are sour but taste fine.
MJ55_04|Down that road is the way to the grain farmer.|Down that road is the way to the grain farmer.
MJ55_05|Either mud or dust are found at all times.|Either mud or dust are found at all times.
MJ55_06|The best method is to fix it in place with clips.|The best method is to fix it in place with clips.
MJ55_07|If you mumble your speech will be lost.|If you mumble your speech will be lost.
MJ55_08|At night the alarm roused him from a deep sleep.|At night the alarm roused him from a deep sleep.
MJ55_09|Read just what the meter says.|Read just what the meter says.
MJ55_10|Fill your pack with bright trinkets for the poor.|Fill your pack with bright trinkets for the poor.
MJ56_01|The small red neon lamp went out.|The small red neon lamp went out.
"MJ56_02|Clams are small, round, soft, and tasty.|Clams are small, round, soft, and tasty."
MJ56_03|The fan whirled its round blades softly.|The fan whirled its round blades softly.
MJ56_04|The line where the edges join was clean.|The line where the edges join was clean.
MJ56_05|Breathe deep and smell the piney air.|Breathe deep and smell the piney air.
MJ56_06|It matters not if he reads these words or those.|It matters not if he reads these words or those.
MJ56_07|A brown leather bag hung from its strap.|A brown leather bag hung from its strap.
MJ56_08|A toad and a frog are hard to tell apart.|A toad and a frog are hard to tell apart.
MJ56_09|A white silk jacket goes with any shoes.|A white silk jacket goes with any shoes.
MJ56_10|A break in the dam almost caused a flood.|A break in the dam almost caused a flood.
MJ57_01|Paint the sockets in the wall dull green.|Paint the sockets in the wall dull green.
MJ57_02|The child crawled into the dense grass.|The child crawled into the dense grass.
MJ57_03|Bribes fail where honest men work.|Bribes fail where honest men work.
"MJ57_04|Trample the spark, else the flames will spread.|Trample the spark, else the flames will spread."
MJ57_05|The hilt of the sword was carved with fine designs.|The hilt of the sword was carved with fine designs.
MJ57_06|A round hole was drilled through the thin board.|A round hole was drilled through the thin board.
MJ57_07|Footprints showed the path he took up the beach.|Footprints showed the path he took up the beach.
MJ57_08|She was waiting at my front lawn.|She was waiting at my front lawn.
MJ57_09|A vent near the edge brought in fresh air.|A vent near the edge brought in fresh air.
"MJ57_10|Prod the old mule with a crooked stick."" |Prod the old mule with a crooked stick."" "
MJ58_01|It is a band of steel three inches wide.|It is a band of steel three inches wide.
MJ58_02|The pipe ran almost the length of the ditch.|The pipe ran almost the length of the ditch.
MJ58_03|It was hidden from sight by a mass of leaves and shrubs.|It was hidden from sight by a mass of leaves and shrubs.
MJ58_04|The weight of the package was seen on the high scale.|The weight of the package was seen on the high scale.
"MJ58_05|Wake and rise, and step into the green outdoors.|Wake and rise, and step into the green outdoors."
MJ58_06|The green light in the brown box flickered.|The green light in the brown box flickered.
MJ58_07|The brass tube circled the high wall.|The brass tube circled the high wall.
MJ58_08|The lobes of her ears were pierced to hold rings.|The lobes of her ears were pierced to hold rings.
MJ58_09|Hold the hammer near the end to drive the nail.|Hold the hammer near the end to drive the nail.
MJ58_10|Next Sunday is the twelfth of the month.|Next Sunday is the twelfth of the month.
MJ59_01|Every word and phrase he speaks is true.|Every word and phrase he speaks is true.
MJ59_02|He put his last cartridge into the gun and fired.|He put his last cartridge into the gun and fired.
MJ59_03|They took their kids from the public school.|They took their kids from the public school.
MJ59_04|Drive the screw straight into the wood.|Drive the screw straight into the wood.
MJ59_05|Keep the hatch tight and the watch constant.|Keep the hatch tight and the watch constant.
MJ59_06|Sever the twine with a quick snip of the knife.|Sever the twine with a quick snip of the knife.
MJ59_07|Paper will dry out when wet.|Paper will dry out when wet.
MJ59_08|Slide the catch back and open the desk.|Slide the catch back and open the desk.
MJ59_09|Help the weak to preserve their strength.|Help the weak to preserve their strength.
MJ59_10|A sullen smile gets few friends.|A sullen smile gets few friends.
MJ60_01|Stop whistling and watch the boys march.|Stop whistling and watch the boys march.
"MJ60_02|Jerk the cord, and out tumbles the gold.|Jerk the cord, and out tumbles the gold."
MJ60_03|Slide the tray across the glass top.|Slide the tray across the glass top.
MJ60_04|The cloud moved in a stately way and was gone.|The cloud moved in a stately way and was gone.
MJ60_05|Light maple makes for a swell room.|Light maple makes for a swell room.
MJ60_06|Set the piece here and say nothing.|Set the piece here and say nothing.
MJ60_07|Dull stories make her laugh.|Dull stories make her laugh.
MJ60_08|A stiff cord will do to fasten your shoe.|A stiff cord will do to fasten your shoe.
MJ60_09|Get the trust fund to the bank early.|Get the trust fund to the bank early.
MJ60_10|Choose between the high road and the low.|Choose between the high road and the low.
MK61_01|A plea for funds seems to come again.|A plea for funds seems to come again.
MK61_02|He lent his coat to the tall gaunt stranger.|He lent his coat to the tall gaunt stranger.
MK61_03|There is a strong chance it will happen once more.|There is a strong chance it will happen once more.
MK61_04|The duke left the park in a silver coach.|The duke left the park in a silver coach.
MK61_05|Greet the new guests and leave quickly.|Greet the new guests and leave quickly.
MK61_06|When the frost has come it is time for turkey.|When the frost has come it is time for turkey.
MK61_07|Sweet words work better than fierce.|Sweet words work better than fierce.
MK61_08|A thin stripe runs down the middle.|A thin stripe runs down the middle.
MK61_09|A six comes up more often than a ten.|A six comes up more often than a ten.
MK61_10|Lush fern grow on the lofty rocks.|Lush fern grow on the lofty rocks.
MK62_01|The ram scared the school children off.|The ram scared the school children off.
MK62_02|The team with the best timing looks good.|The team with the best timing looks good.
MK62_03|The farmer swapped his horse for a brown ox.|The farmer swapped his horse for a brown ox.
MK62_04|Sit on the perch and tell the others what to do.|Sit on the perch and tell the others what to do.
MK62_05|A steep trail is painful for our feet.|A steep trail is painful for our feet.
MK62_06|The early phase of life moves fast.|The early phase of life moves fast.
MK62_07|Green moss grows on the northern side.|Green moss grows on the northern side.
MK62_08|Tea in thin china has a sweet taste.|Tea in thin china has a sweet taste.
MK62_09|Pitch the straw through the door of the stable.|Pitch the straw through the door of the stable.
MK62_10|The latch on the back gate needed a nail.|The latch on the back gate needed a nail.
MK63_01|The goose was brought straight from the old market.|The goose was brought straight from the old market.
MK63_02|The sink is the thing in which we pile dishes.|The sink is the thing in which we pile dishes.
MK63_03|A whiff of it will cure the most stubborn cold.|A whiff of it will cure the most stubborn cold.
MK63_04|The facts don't always show who is right.|The facts don't always show who is right.
MK63_05|She flaps her cape as she parades the street.|She flaps her cape as she parades the street.
MK63_06|The loss of the cruiser was a blow to the fleet.|The loss of the cruiser was a blow to the fleet.
MK63_07|Loop the braid to the left and then over.|Loop the braid to the left and then over.
MK63_08|Plead with the lawyer to drop the lost cause.|Plead with the lawyer to drop the lost cause.
MK63_09|Calves thrive on tender spring grass.|Calves thrive on tender spring grass.
MK63_10|Post no bills on this office wall.|Post no bills on this office wall.
MK64_01|Tear a thin sheet from the yellow pad.|Tear a thin sheet from the yellow pad.
MK64_02|A cruise in warm waters in a sleep yacht is fun.|A cruise in warm waters in a sleep yacht is fun.
MK64_03|A streak of color ran down the left edge.|A streak of color ran down the left edge.
MK64_04|It was done before the boy could see it.|It was done before the boy could see it.
MK64_05|Crouch before you jump or miss the mark.|Crouch before you jump or miss the mark.
MK64_06|Pack the kits and don't forget the salt.|Pack the kits and don't forget the salt.
MK64_07|The square peg will settle in the round hole.|The square peg will settle in the round hole.
MK64_08|Fine soap saves tender skin.|Fine soap saves tender skin.
MK64_09|Poached eggs and tea must suffice.|Poached eggs and tea must suffice.
MK64_10|Bad nerves are jangled by a door slam.|Bad nerves are jangled by a door slam.
MK65_01|Ship maps are different from those for planes.|Ship maps are different from those for planes.
MK65_02|Dimes showered down from all sides.|Dimes showered down from all sides.
MK65_03|They sang the same tunes at each party.|They sang the same tunes at each party.
MK65_04|The sky in the west is tinged with orange red.|The sky in the west is tinged with orange red.
MK65_05|The pods of peas ferment in bare fields.|The pods of peas ferment in bare fields.
MK65_06|The horse balked and threw the tall rider.|The horse balked and threw the tall rider.
MK65_07|The hitch between the horse and cart broke.|The hitch between the horse and cart broke.
MK65_08|Pile the coal high in the shed corner.|Pile the coal high in the shed corner.
MK65_09|A gold vase is both rare and costly.|A gold vase is both rare and costly.
MK65_10|The knife was hung inside its bright sheath.|The knife was hung inside its bright sheath.
MK66_01|The rarest spice comes from the far East.|The rarest spice comes from the far East.
MK66_02|The roof should be tilted at a sharp slant.|The roof should be tilted at a sharp slant.
MK66_03|A smatter of French is worse than none.|A smatter of French is worse than none.
MK66_04|The mule trod the treadmill day and night.|The mule trod the treadmill day and night.
MK66_05|The aim of the contest is to raise a great fund.|The aim of the contest is to raise a great fund.
MK66_06|To send it now in large amounts is bad.|To send it now in large amounts is bad.
MK66_07|There is a fine hard tang in salty air.|There is a fine hard tang in salty air.
MK66_08|Cod is the main business of the north shore.|Cod is the main business of the north shore.
MK66_09|The slab was hewn from heavy blocks of slate.|The slab was hewn from heavy blocks of slate.
MK66_10|Dunk the stale biscuits into strong drink.|Dunk the stale biscuits into strong drink.
ML67_01|Hang tinsel from both branches.|Hang tinsel from both branches.
ML67_02|Cap the jar with a tight brass cover.|Cap the jar with a tight brass cover.
ML67_03|The poor boy missed the boat again.|The poor boy missed the boat again.
ML67_04|Be sure to set the lamp firmly in the hole.|Be sure to set the lamp firmly in the hole.
ML67_05|Pick a card and slip it under the pack.|Pick a card and slip it under the pack.
ML67_06|A round mat will cover the dull spot.|A round mat will cover the dull spot.
ML67_07|The first part of the plan needs changing.|The first part of the plan needs changing.
ML67_08|A good book informs of what we ought to know.|A good book informs of what we ought to know.
ML67_09|The mail comes in three batches per day.|The mail comes in three batches per day.
ML67_10|You cannot brew tea in a cold pot.|You cannot brew tea in a cold pot.
ML68_01|Dots of light betrayed the black cat.|Dots of light betrayed the black cat.
ML68_02|Put the chart on the mantel and tack it down.|Put the chart on the mantel and tack it down.
ML68_03|The night shift men rate extra pay.|The night shift men rate extra pay.
ML68_04|The red paper brightened the dim stage.|The red paper brightened the dim stage.
ML68_05|See the player scoot to third base.|See the player scoot to third base.
ML68_06|Slide the bill between the two leaves.|Slide the bill between the two leaves.
ML68_07|Many hands help get the job done.|Many hands help get the job done.
ML68_08|We don't like to admit our small faults.|We don't like to admit our small faults.
ML68_09|No doubt about the way the wind blows.|No doubt about the way the wind blows.
ML68_10|Dig deep in the earth for pirate's gold.|Dig deep in the earth for pirate's gold.
ML69_01|The steady drip is worse than a drenching rain.|The steady drip is worse than a drenching rain.
ML69_02|A flat pack takes less luggage space.|A flat pack takes less luggage space.
ML69_03|Green ice frosted the punch bowl.|Green ice frosted the punch bowl.
ML69_04|A stuffed chair slipped from the moving van.|A stuffed chair slipped from the moving van.
ML69_05|The stitch will serve but needs to be shortened.|The stitch will serve but needs to be shortened.
ML69_06|A thin book fits in the side pocket.|A thin book fits in the side pocket.
ML69_07|The gloss on top made it unfit to read.|The gloss on top made it unfit to read.
ML69_08|The hail pattered on the burnt brown grass.|The hail pattered on the burnt brown grass.
ML69_09|Seven seals were stamped on great sheets.|Seven seals were stamped on great sheets.
ML69_10|Our troops are set to strike heavy blows.|Our troops are set to strike heavy blows.
ML70_01|The store was jammed before the sale could start.|The store was jammed before the sale could start.
ML70_02|It was a bad error on the part of the new judge.|It was a bad error on the part of the new judge.
ML70_03|One step more and the board will collapse.|One step more and the board will collapse.
ML70_04|Take the match and strike it against your shoe.|Take the match and strike it against your shoe.
"ML70_05|The pot boiled, but the contents failed to jell.|The pot boiled, but the contents failed to jell."
ML70_06|The baby puts his right foot in his mouth.|The baby puts his right foot in his mouth.
ML70_07|The bombs left most of the town in ruins.|The bombs left most of the town in ruins.
ML70_08|Stop and stare at the hard working man.|Stop and stare at the hard working man.
ML70_09|The streets are narrow and full of sharp turns.|The streets are narrow and full of sharp turns.
ML70_10|The pup jerked the leash as he saw a feline shape.|The pup jerked the leash as he saw a feline shape.
ML71_01|Open your book to the first page.|Open your book to the first page.
ML71_02|Fish evade the net and swim off.|Fish evade the net and swim off.
ML71_03|Dip the pail once and let it settle.|Dip the pail once and let it settle.
ML71_04|Will you please answer that phone.|Will you please answer that phone.
ML71_05|The big red apple fell to the ground.|The big red apple fell to the ground.
ML71_06|The curtain rose and the show was on.|The curtain rose and the show was on.
ML71_07|The young prince became heir to the throne.|The young prince became heir to the throne.
ML71_08|He sent the boy on a short errand.|He sent the boy on a short errand.
ML71_09|Leave now and you will arrive on time.|Leave now and you will arrive on time.
ML71_10|The corner store was robbed last night.|The corner store was robbed last night.
ML72_01|A gold ring will please most any girl.|A gold ring will please most any girl.
ML72_02|The long journey home took a year.|The long journey home took a year.
ML72_03|She saw a cat in the neighbor's house.|She saw a cat in the neighbor's house.
ML72_04|A pink shell was found on the sandy beach.|A pink shell was found on the sandy beach.
ML72_05|Small children came to see him.|Small children came to see him.
ML72_06|The grass and bushes were wet with dew.|The grass and bushes were wet with dew.
ML72_07|The blind man counted his old coins.|The blind man counted his old coins.
ML72_08|A severe storm tore down the barn.|A severe storm tore down the barn.
ML72_09|She called his name many times.|She called his name many times.
"ML72_10|When you hear the bell, come quickly.|When you hear the bell, come quickly."
